"","chr","pos","pos"
"1","chr1","20304913","20304913"
"2","chr2","47630468","47630468"
"3","chr2","47637254","47637254"
"4","chr2","47637301","47637301"
"5","chr2","47637365","47637365"
"6","chr2","47641430","47641430"
"7","chr2","47641528","47641528"
"8","chr2","47641560","47641560"
"9","chr2","47643460","47643460"
"10","chr2","47690201","47690201"
"11","chr2","47698190","47698190"
"12","chr2","47702191","47702191"
"13","chr2","47702310","47702310"
"14","chr2","47705637","47705637"
"15","chr2","47710051","47710051"
"16","chr2","48010431","48010431"
"17","chr2","48010547","48010547"
"18","chr2","48018236","48018236"
"19","chr2","48025976","48025976"
"20","chr2","48026525","48026525"
"21","chr2","48026648","48026648"
"22","chr2","48026724","48026724"
"23","chr2","48027520","48027520"
"24","chr2","48027530","48027530"
"25","chr2","48027683","48027683"
"26","chr2","48027755","48027755"
"27","chr2","48030558","48030558"
"28","chr2","48030645","48030645"
"29","chr2","48033750","48033750"
"30","chr2","48033780","48033780"
"31","chr2","48034023","48034023"
"32","chr2","111416028","111416028"
"33","chr2","111430237","111430237"
"34","chr3","30713619","30713619"
"35","chr3","30732970","30732970"
"36","chr3","37048495","37048495"
"37","chr3","37059009","37059009"
"38","chr3","37061893","37061893"
"39","chr3","37061929","37061929"
"40","chr3","37067410","37067410"
"41","chr3","37089131","37089131"
"42","chr3","37090075","37090075"
"43","chr3","37090471","37090471"
"44","chr3","37092125","37092125"
"45","chr5","112063594","112063594"
"46","chr5","112063624","112063624"
"47","chr5","112063625","112063625"
"48","chr5","112063626","112063626"
"49","chr5","112063644","112063644"
"50","chr5","112063965","112063965"
"51","chr5","112063968","112063968"
"52","chr5","112063970","112063970"
"53","chr5","112063974","112063974"
"54","chr5","112064010","112064010"
"55","chr5","112064107","112064107"
"56","chr5","112064110","112064110"
"57","chr5","112064113","112064113"
"58","chr5","112064266","112064266"
"59","chr5","112064337","112064337"
"60","chr5","112064338","112064338"
"61","chr5","112064339","112064339"
"62","chr5","112064346","112064346"
"63","chr5","112064347","112064347"
"64","chr5","112064348","112064348"
"65","chr5","112064400","112064400"
"66","chr5","112064401","112064401"
"67","chr5","112064475","112064475"
"68","chr5","112064741","112064741"
"69","chr5","112064742","112064742"
"70","chr5","112064826","112064826"
"71","chr5","112065286","112065286"
"72","chr5","112065287","112065287"
"73","chr5","112065326","112065326"
"74","chr5","112065382","112065382"
"75","chr5","112065488","112065488"
"76","chr5","112065767","112065767"
"77","chr5","112066024","112066024"
"78","chr5","112066115","112066115"
"79","chr5","112066123","112066123"
"80","chr5","112066398","112066398"
"81","chr5","112066524","112066524"
"82","chr5","112066707","112066707"
"83","chr5","112067030","112067030"
"84","chr5","112067142","112067142"
"85","chr5","112067294","112067294"
"86","chr5","112067516","112067516"
"87","chr5","112067580","112067580"
"88","chr5","112068857","112068857"
"89","chr5","112068881","112068881"
"90","chr5","112069426","112069426"
"91","chr5","112069428","112069428"
"92","chr5","112069761","112069761"
"93","chr5","112069806","112069806"
"94","chr5","112069946","112069946"
"95","chr5","112069967","112069967"
"96","chr5","112070097","112070097"
"97","chr5","112070434","112070434"
"98","chr5","112070483","112070483"
"99","chr5","112070490","112070490"
"100","chr5","112070565","112070565"
"101","chr5","112070568","112070568"
"102","chr5","112070603","112070603"
"103","chr5","112070829","112070829"
"104","chr5","112070923","112070923"
"105","chr5","112070937","112070937"
"106","chr5","112071428","112071428"
"107","chr5","112071545","112071545"
"108","chr5","112071629","112071629"
"109","chr5","112072021","112072021"
"110","chr5","112072022","112072022"
"111","chr5","112072349","112072349"
"112","chr5","112072390","112072390"
"113","chr5","112073062","112073062"
"114","chr5","112073063","112073063"
"115","chr5","112073094","112073094"
"116","chr5","112073240","112073240"
"117","chr5","112073281","112073281"
"118","chr5","112073284","112073284"
"119","chr5","112073309","112073309"
"120","chr5","112073396","112073396"
"121","chr5","112073401","112073401"
"122","chr5","112073510","112073510"
"123","chr5","112073557","112073557"
"124","chr5","112073664","112073664"
"125","chr5","112073671","112073671"
"126","chr5","112073675","112073675"
"127","chr5","112073763","112073763"
"128","chr5","112073770","112073770"
"129","chr5","112074181","112074181"
"130","chr5","112074183","112074183"
"131","chr5","112074185","112074185"
"132","chr5","112074269","112074269"
"133","chr5","112074316","112074316"
"134","chr5","112074317","112074317"
"135","chr5","112074356","112074356"
"136","chr5","112074419","112074419"
"137","chr5","112074510","112074510"
"138","chr5","112074516","112074516"
"139","chr5","112074526","112074526"
"140","chr5","112074535","112074535"
"141","chr5","112074722","112074722"
"142","chr5","112074887","112074887"
"143","chr5","112074950","112074950"
"144","chr5","112075038","112075038"
"145","chr5","112075340","112075340"
"146","chr5","112075343","112075343"
"147","chr5","112075452","112075452"
"148","chr5","112075460","112075460"
"149","chr5","112075494","112075494"
"150","chr5","112075767","112075767"
"151","chr5","112075947","112075947"
"152","chr5","112076188","112076188"
"153","chr5","112076490","112076490"
"154","chr5","112076493","112076493"
"155","chr5","112076502","112076502"
"156","chr5","112077447","112077447"
"157","chr5","112077483","112077483"
"158","chr5","112077491","112077491"
"159","chr5","112077498","112077498"
"160","chr5","112077591","112077591"
"161","chr5","112077681","112077681"
"162","chr5","112077770","112077770"
"163","chr5","112077920","112077920"
"164","chr5","112078292","112078292"
"165","chr5","112078413","112078413"
"166","chr5","112079117","112079117"
"167","chr5","112079118","112079118"
"168","chr5","112079125","112079125"
"169","chr5","112079127","112079127"
"170","chr5","112079627","112079627"
"171","chr5","112079629","112079629"
"172","chr5","112079676","112079676"
"173","chr5","112079882","112079882"
"174","chr5","112080425","112080425"
"175","chr5","112080427","112080427"
"176","chr5","112080428","112080428"
"177","chr5","112080429","112080429"
"178","chr5","112080728","112080728"
"179","chr5","112080827","112080827"
"180","chr5","112080828","112080828"
"181","chr5","112080829","112080829"
"182","chr5","112081333","112081333"
"183","chr5","112081379","112081379"
"184","chr5","112081413","112081413"
"185","chr5","112081415","112081415"
"186","chr5","112081417","112081417"
"187","chr5","112081686","112081686"
"188","chr5","112081687","112081687"
"189","chr5","112081924","112081924"
"190","chr5","112082035","112082035"
"191","chr5","112082090","112082090"
"192","chr5","112082091","112082091"
"193","chr5","112082092","112082092"
"194","chr5","112082123","112082123"
"195","chr5","112082366","112082366"
"196","chr5","112082805","112082805"
"197","chr5","112082807","112082807"
"198","chr5","112082810","112082810"
"199","chr5","112082872","112082872"
"200","chr5","112082938","112082938"
"201","chr5","112082945","112082945"
"202","chr5","112082949","112082949"
"203","chr5","112084336","112084336"
"204","chr5","112084412","112084412"
"205","chr5","112084921","112084921"
"206","chr5","112085242","112085242"
"207","chr5","112085250","112085250"
"208","chr5","112085252","112085252"
"209","chr5","112085293","112085293"
"210","chr5","112085457","112085457"
"211","chr5","112085463","112085463"
"212","chr5","112085500","112085500"
"213","chr5","112085611","112085611"
"214","chr5","112085935","112085935"
"215","chr5","112085939","112085939"
"216","chr5","112085941","112085941"
"217","chr5","112085944","112085944"
"218","chr5","112085947","112085947"
"219","chr5","112086165","112086165"
"220","chr5","112086874","112086874"
"221","chr5","112087327","112087327"
"222","chr5","112087364","112087364"
"223","chr5","112087712","112087712"
"224","chr5","112087936","112087936"
"225","chr5","112087945","112087945"
"226","chr5","112088444","112088444"
"227","chr5","112088507","112088507"
"228","chr5","112088604","112088604"
"229","chr5","112089113","112089113"
"230","chr5","112089282","112089282"
"231","chr5","112089410","112089410"
"232","chr5","112089449","112089449"
"233","chr5","112089480","112089480"
"234","chr5","112089604","112089604"
"235","chr5","112089763","112089763"
"236","chr5","112090172","112090172"
"237","chr5","112090174","112090174"
"238","chr5","112090319","112090319"
"239","chr5","112090320","112090320"
"240","chr5","112090419","112090419"
"241","chr5","112090434","112090434"
"242","chr5","112090508","112090508"
"243","chr5","112090514","112090514"
"244","chr5","112090517","112090517"
"245","chr5","112091332","112091332"
"246","chr5","112091581","112091581"
"247","chr5","112091584","112091584"
"248","chr5","112091704","112091704"
"249","chr5","112092402","112092402"
"250","chr5","112092997","112092997"
"251","chr5","112093425","112093425"
"252","chr5","112093955","112093955"
"253","chr5","112094299","112094299"
"254","chr5","112094300","112094300"
"255","chr5","112094302","112094302"
"256","chr5","112094303","112094303"
"257","chr5","112094304","112094304"
"258","chr5","112094305","112094305"
"259","chr5","112094308","112094308"
"260","chr5","112094400","112094400"
"261","chr5","112094401","112094401"
"262","chr5","112094404","112094404"
"263","chr5","112094407","112094407"
"264","chr5","112094450","112094450"
"265","chr5","112094543","112094543"
"266","chr5","112095132","112095132"
"267","chr5","112095331","112095331"
"268","chr5","112095332","112095332"
"269","chr5","112095333","112095333"
"270","chr5","112095336","112095336"
"271","chr5","112095499","112095499"
"272","chr5","112095504","112095504"
"273","chr5","112095775","112095775"
"274","chr5","112096522","112096522"
"275","chr5","112096523","112096523"
"276","chr5","112096524","112096524"
"277","chr5","112096778","112096778"
"278","chr5","112096787","112096787"
"279","chr5","112096790","112096790"
"280","chr5","112096796","112096796"
"281","chr5","112097234","112097234"
"282","chr5","112097339","112097339"
"283","chr5","112097342","112097342"
"284","chr5","112097757","112097757"
"285","chr5","112098517","112098517"
"286","chr5","112098567","112098567"
"287","chr5","112098911","112098911"
"288","chr5","112098938","112098938"
"289","chr5","112098951","112098951"
"290","chr5","112099028","112099028"
"291","chr5","112099058","112099058"
"292","chr5","112099060","112099060"
"293","chr5","112099069","112099069"
"294","chr5","112099070","112099070"
"295","chr5","112099192","112099192"
"296","chr5","112099193","112099193"
"297","chr5","112099195","112099195"
"298","chr5","112099196","112099196"
"299","chr5","112099496","112099496"
"300","chr5","112099665","112099665"
"301","chr5","112099668","112099668"
"302","chr5","112099671","112099671"
"303","chr5","112099690","112099690"
"304","chr5","112099712","112099712"
"305","chr5","112099792","112099792"
"306","chr5","112099793","112099793"
"307","chr5","112099795","112099795"
"308","chr5","112099945","112099945"
"309","chr5","112100027","112100027"
"310","chr5","112100057","112100057"
"311","chr5","112100058","112100058"
"312","chr5","112100260","112100260"
"313","chr5","112100295","112100295"
"314","chr5","112100496","112100496"
"315","chr5","112100595","112100595"
"316","chr5","112100939","112100939"
"317","chr5","112100982","112100982"
"318","chr5","112101022","112101022"
"319","chr5","112101215","112101215"
"320","chr5","112101398","112101398"
"321","chr5","112101457","112101457"
"322","chr5","112101496","112101496"
"323","chr5","112101640","112101640"
"324","chr5","112101665","112101665"
"325","chr5","112101673","112101673"
"326","chr5","112101736","112101736"
"327","chr5","112101739","112101739"
"328","chr5","112101746","112101746"
"329","chr5","112101793","112101793"
"330","chr5","112101803","112101803"
"331","chr5","112101804","112101804"
"332","chr5","112101806","112101806"
"333","chr5","112101970","112101970"
"334","chr5","112102072","112102072"
"335","chr5","112102077","112102077"
"336","chr5","112102145","112102145"
"337","chr5","112102336","112102336"
"338","chr5","112102542","112102542"
"339","chr5","112102976","112102976"
"340","chr5","112103452","112103452"
"341","chr5","112103742","112103742"
"342","chr5","112103963","112103963"
"343","chr5","112104006","112104006"
"344","chr5","112104061","112104061"
"345","chr5","112104062","112104062"
"346","chr5","112104102","112104102"
"347","chr5","112104103","112104103"
"348","chr5","112104183","112104183"
"349","chr5","112104200","112104200"
"350","chr5","112104297","112104297"
"351","chr5","112104564","112104564"
"352","chr5","112104662","112104662"
"353","chr5","112104671","112104671"
"354","chr5","112104759","112104759"
"355","chr5","112104893","112104893"
"356","chr5","112105029","112105029"
"357","chr5","112105208","112105208"
"358","chr5","112105218","112105218"
"359","chr5","112105223","112105223"
"360","chr5","112105534","112105534"
"361","chr5","112106279","112106279"
"362","chr5","112106620","112106620"
"363","chr5","112106774","112106774"
"364","chr5","112107058","112107058"
"365","chr5","112107073","112107073"
"366","chr5","112107084","112107084"
"367","chr5","112107726","112107726"
"368","chr5","112108013","112108013"
"369","chr5","112108019","112108019"
"370","chr5","112108148","112108148"
"371","chr5","112108159","112108159"
"372","chr5","112108160","112108160"
"373","chr5","112108164","112108164"
"374","chr5","112108297","112108297"
"375","chr5","112108497","112108497"
"376","chr5","112108607","112108607"
"377","chr5","112108676","112108676"
"378","chr5","112108865","112108865"
"379","chr5","112108930","112108930"
"380","chr5","112108961","112108961"
"381","chr5","112108962","112108962"
"382","chr5","112108965","112108965"
"383","chr5","112109779","112109779"
"384","chr5","112109811","112109811"
"385","chr5","112109812","112109812"
"386","chr5","112109815","112109815"
"387","chr5","112110003","112110003"
"388","chr5","112110414","112110414"
"389","chr5","112110417","112110417"
"390","chr5","112110636","112110636"
"391","chr5","112110640","112110640"
"392","chr5","112110646","112110646"
"393","chr5","112110649","112110649"
"394","chr5","112110660","112110660"
"395","chr5","112110871","112110871"
"396","chr5","112110872","112110872"
"397","chr5","112111070","112111070"
"398","chr5","112111310","112111310"
"399","chr5","112111352","112111352"
"400","chr5","112111463","112111463"
"401","chr5","112111570","112111570"
"402","chr5","112111605","112111605"
"403","chr5","112111866","112111866"
"404","chr5","112112113","112112113"
"405","chr5","112112330","112112330"
"406","chr5","112112559","112112559"
"407","chr5","112112747","112112747"
"408","chr5","112112751","112112751"
"409","chr5","112112774","112112774"
"410","chr5","112112855","112112855"
"411","chr5","112112911","112112911"
"412","chr5","112112951","112112951"
"413","chr5","112113056","112113056"
"414","chr5","112113202","112113202"
"415","chr5","112113527","112113527"
"416","chr5","112113735","112113735"
"417","chr5","112113760","112113760"
"418","chr5","112113772","112113772"
"419","chr5","112114067","112114067"
"420","chr5","112114165","112114165"
"421","chr5","112114180","112114180"
"422","chr5","112114220","112114220"
"423","chr5","112114225","112114225"
"424","chr5","112114519","112114519"
"425","chr5","112114521","112114521"
"426","chr5","112114524","112114524"
"427","chr5","112114715","112114715"
"428","chr5","112115359","112115359"
"429","chr5","112115377","112115377"
"430","chr5","112116024","112116024"
"431","chr5","112116069","112116069"
"432","chr5","112116716","112116716"
"433","chr5","112116722","112116722"
"434","chr5","112116729","112116729"
"435","chr5","112116751","112116751"
"436","chr5","112116754","112116754"
"437","chr5","112116773","112116773"
"438","chr5","112117141","112117141"
"439","chr5","112117172","112117172"
"440","chr5","112117174","112117174"
"441","chr5","112117392","112117392"
"442","chr5","112117394","112117394"
"443","chr5","112117475","112117475"
"444","chr5","112117476","112117476"
"445","chr5","112117870","112117870"
"446","chr5","112118060","112118060"
"447","chr5","112118062","112118062"
"448","chr5","112118068","112118068"
"449","chr5","112118115","112118115"
"450","chr5","112118195","112118195"
"451","chr5","112118338","112118338"
"452","chr5","112118956","112118956"
"453","chr5","112119132","112119132"
"454","chr5","112119207","112119207"
"455","chr5","112119302","112119302"
"456","chr5","112119522","112119522"
"457","chr5","112119523","112119523"
"458","chr5","112119524","112119524"
"459","chr5","112119555","112119555"
"460","chr5","112119556","112119556"
"461","chr5","112119621","112119621"
"462","chr5","112119666","112119666"
"463","chr5","112119678","112119678"
"464","chr5","112119805","112119805"
"465","chr5","112119876","112119876"
"466","chr5","112120046","112120046"
"467","chr5","112120049","112120049"
"468","chr5","112120054","112120054"
"469","chr5","112120055","112120055"
"470","chr5","112120309","112120309"
"471","chr5","112120314","112120314"
"472","chr5","112120318","112120318"
"473","chr5","112120576","112120576"
"474","chr5","112120578","112120578"
"475","chr5","112120862","112120862"
"476","chr5","112120863","112120863"
"477","chr5","112120967","112120967"
"478","chr5","112120968","112120968"
"479","chr5","112121147","112121147"
"480","chr5","112121375","112121375"
"481","chr5","112121603","112121603"
"482","chr5","112121630","112121630"
"483","chr5","112121734","112121734"
"484","chr5","112121820","112121820"
"485","chr5","112121836","112121836"
"486","chr5","112121858","112121858"
"487","chr5","112121991","112121991"
"488","chr5","112122532","112122532"
"489","chr5","112122589","112122589"
"490","chr5","112122866","112122866"
"491","chr5","112122869","112122869"
"492","chr5","112122950","112122950"
"493","chr5","112122954","112122954"
"494","chr5","112123154","112123154"
"495","chr5","112123175","112123175"
"496","chr5","112123209","112123209"
"497","chr5","112123476","112123476"
"498","chr5","112123478","112123478"
"499","chr5","112123598","112123598"
"500","chr5","112123639","112123639"
"501","chr5","112123748","112123748"
"502","chr5","112123835","112123835"
"503","chr5","112123841","112123841"
"504","chr5","112124047","112124047"
"505","chr5","112124124","112124124"
"506","chr5","112124128","112124128"
"507","chr5","112124133","112124133"
"508","chr5","112124134","112124134"
"509","chr5","112124369","112124369"
"510","chr5","112124381","112124381"
"511","chr5","112124538","112124538"
"512","chr5","112124866","112124866"
"513","chr5","112124950","112124950"
"514","chr5","112125103","112125103"
"515","chr5","112125106","112125106"
"516","chr5","112125108","112125108"
"517","chr5","112125253","112125253"
"518","chr5","112125419","112125419"
"519","chr5","112125567","112125567"
"520","chr5","112125568","112125568"
"521","chr5","112125662","112125662"
"522","chr5","112125665","112125665"
"523","chr5","112126010","112126010"
"524","chr5","112126020","112126020"
"525","chr5","112126038","112126038"
"526","chr5","112126307","112126307"
"527","chr5","112126310","112126310"
"528","chr5","112126345","112126345"
"529","chr5","112126544","112126544"
"530","chr5","112126593","112126593"
"531","chr5","112126677","112126677"
"532","chr5","112126678","112126678"
"533","chr5","112126679","112126679"
"534","chr5","112127177","112127177"
"535","chr5","112127296","112127296"
"536","chr5","112127388","112127388"
"537","chr5","112127389","112127389"
"538","chr5","112127422","112127422"
"539","chr5","112127459","112127459"
"540","chr5","112127712","112127712"
"541","chr5","112127834","112127834"
"542","chr5","112128057","112128057"
"543","chr5","112128058","112128058"
"544","chr5","112128067","112128067"
"545","chr5","112128068","112128068"
"546","chr5","112128142","112128142"
"547","chr5","112128249","112128249"
"548","chr5","112128314","112128314"
"549","chr5","112128673","112128673"
"550","chr5","112129190","112129190"
"551","chr5","112129194","112129194"
"552","chr5","112129195","112129195"
"553","chr5","112129196","112129196"
"554","chr5","112129753","112129753"
"555","chr5","112129754","112129754"
"556","chr5","112129756","112129756"
"557","chr5","112129844","112129844"
"558","chr5","112129898","112129898"
"559","chr5","112130055","112130055"
"560","chr5","112130056","112130056"
"561","chr5","112130058","112130058"
"562","chr5","112130086","112130086"
"563","chr5","112130240","112130240"
"564","chr5","112130245","112130245"
"565","chr5","112130266","112130266"
"566","chr5","112130410","112130410"
"567","chr5","112130444","112130444"
"568","chr5","112130446","112130446"
"569","chr5","112130448","112130448"
"570","chr5","112130484","112130484"
"571","chr5","112130845","112130845"
"572","chr5","112131002","112131002"
"573","chr5","112131007","112131007"
"574","chr5","112131102","112131102"
"575","chr5","112131288","112131288"
"576","chr5","112131787","112131787"
"577","chr5","112131845","112131845"
"578","chr5","112132534","112132534"
"579","chr5","112132707","112132707"
"580","chr5","112132948","112132948"
"581","chr5","112133686","112133686"
"582","chr5","112133846","112133846"
"583","chr5","112133873","112133873"
"584","chr5","112134093","112134093"
"585","chr5","112134105","112134105"
"586","chr5","112134245","112134245"
"587","chr5","112134318","112134318"
"588","chr5","112134352","112134352"
"589","chr5","112134503","112134503"
"590","chr5","112134513","112134513"
"591","chr5","112134516","112134516"
"592","chr5","112134643","112134643"
"593","chr5","112134740","112134740"
"594","chr5","112134778","112134778"
"595","chr5","112134780","112134780"
"596","chr5","112134837","112134837"
"597","chr5","112134905","112134905"
"598","chr5","112135067","112135067"
"599","chr5","112135090","112135090"
"600","chr5","112135097","112135097"
"601","chr5","112135179","112135179"
"602","chr5","112135499","112135499"
"603","chr5","112135507","112135507"
"604","chr5","112135721","112135721"
"605","chr5","112135737","112135737"
"606","chr5","112135924","112135924"
"607","chr5","112136204","112136204"
"608","chr5","112136411","112136411"
"609","chr5","112136806","112136806"
"610","chr5","112136808","112136808"
"611","chr5","112136809","112136809"
"612","chr5","112136811","112136811"
"613","chr5","112136813","112136813"
"614","chr5","112136814","112136814"
"615","chr5","112136846","112136846"
"616","chr5","112136848","112136848"
"617","chr5","112137642","112137642"
"618","chr5","112137668","112137668"
"619","chr5","112138100","112138100"
"620","chr5","112138189","112138189"
"621","chr5","112138243","112138243"
"622","chr5","112138542","112138542"
"623","chr5","112138734","112138734"
"624","chr5","112138888","112138888"
"625","chr5","112139424","112139424"
"626","chr5","112139618","112139618"
"627","chr5","112139634","112139634"
"628","chr5","112139745","112139745"
"629","chr5","112140022","112140022"
"630","chr5","112140099","112140099"
"631","chr5","112140356","112140356"
"632","chr5","112140427","112140427"
"633","chr5","112140429","112140429"
"634","chr5","112140469","112140469"
"635","chr5","112140570","112140570"
"636","chr5","112140590","112140590"
"637","chr5","112140705","112140705"
"638","chr5","112140749","112140749"
"639","chr5","112140770","112140770"
"640","chr5","112140941","112140941"
"641","chr5","112141153","112141153"
"642","chr5","112141182","112141182"
"643","chr5","112141410","112141410"
"644","chr5","112141747","112141747"
"645","chr5","112141751","112141751"
"646","chr5","112141754","112141754"
"647","chr5","112141868","112141868"
"648","chr5","112141869","112141869"
"649","chr5","112141882","112141882"
"650","chr5","112142046","112142046"
"651","chr5","112142187","112142187"
"652","chr5","112142361","112142361"
"653","chr5","112142364","112142364"
"654","chr5","112142370","112142370"
"655","chr5","112142373","112142373"
"656","chr5","112142495","112142495"
"657","chr5","112142832","112142832"
"658","chr5","112142834","112142834"
"659","chr5","112142835","112142835"
"660","chr5","112142838","112142838"
"661","chr5","112142852","112142852"
"662","chr5","112143211","112143211"
"663","chr5","112143288","112143288"
"664","chr5","112143289","112143289"
"665","chr5","112143291","112143291"
"666","chr5","112143350","112143350"
"667","chr5","112143355","112143355"
"668","chr5","112143585","112143585"
"669","chr5","112143702","112143702"
"670","chr5","112143934","112143934"
"671","chr5","112144023","112144023"
"672","chr5","112144444","112144444"
"673","chr5","112144583","112144583"
"674","chr5","112144940","112144940"
"675","chr5","112144954","112144954"
"676","chr5","112145098","112145098"
"677","chr5","112145261","112145261"
"678","chr5","112145692","112145692"
"679","chr5","112145757","112145757"
"680","chr5","112145758","112145758"
"681","chr5","112146059","112146059"
"682","chr5","112146069","112146069"
"683","chr5","112146117","112146117"
"684","chr5","112146197","112146197"
"685","chr5","112146264","112146264"
"686","chr5","112146520","112146520"
"687","chr5","112146700","112146700"
"688","chr5","112146767","112146767"
"689","chr5","112146844","112146844"
"690","chr5","112146850","112146850"
"691","chr5","112146856","112146856"
"692","chr5","112147102","112147102"
"693","chr5","112147659","112147659"
"694","chr5","112147661","112147661"
"695","chr5","112147947","112147947"
"696","chr5","112148170","112148170"
"697","chr5","112149351","112149351"
"698","chr5","112149362","112149362"
"699","chr5","112149365","112149365"
"700","chr5","112149374","112149374"
"701","chr5","112149376","112149376"
"702","chr5","112149538","112149538"
"703","chr5","112149757","112149757"
"704","chr5","112149874","112149874"
"705","chr5","112149927","112149927"
"706","chr5","112149969","112149969"
"707","chr5","112150164","112150164"
"708","chr5","112150166","112150166"
"709","chr5","112150194","112150194"
"710","chr5","112150203","112150203"
"711","chr5","112150229","112150229"
"712","chr5","112150461","112150461"
"713","chr5","112150462","112150462"
"714","chr5","112150464","112150464"
"715","chr5","112150465","112150465"
"716","chr5","112150562","112150562"
"717","chr5","112151369","112151369"
"718","chr5","112151371","112151371"
"719","chr5","112151567","112151567"
"720","chr5","112151807","112151807"
"721","chr5","112151834","112151834"
"722","chr5","112152206","112152206"
"723","chr5","112152224","112152224"
"724","chr5","112152227","112152227"
"725","chr5","112152229","112152229"
"726","chr5","112152232","112152232"
"727","chr5","112152233","112152233"
"728","chr5","112152482","112152482"
"729","chr5","112152490","112152490"
"730","chr5","112152495","112152495"
"731","chr5","112152496","112152496"
"732","chr5","112152643","112152643"
"733","chr5","112152830","112152830"
"734","chr5","112152920","112152920"
"735","chr5","112153119","112153119"
"736","chr5","112153172","112153172"
"737","chr5","112153495","112153495"
"738","chr5","112153665","112153665"
"739","chr5","112153703","112153703"
"740","chr5","112153757","112153757"
"741","chr5","112153861","112153861"
"742","chr5","112153888","112153888"
"743","chr5","112153996","112153996"
"744","chr5","112154148","112154148"
"745","chr5","112154154","112154154"
"746","chr5","112154155","112154155"
"747","chr5","112154303","112154303"
"748","chr5","112154531","112154531"
"749","chr5","112154540","112154540"
"750","chr5","112154541","112154541"
"751","chr5","112154543","112154543"
"752","chr5","112154544","112154544"
"753","chr5","112154750","112154750"
"754","chr5","112155003","112155003"
"755","chr5","112155393","112155393"
"756","chr5","112155410","112155410"
"757","chr5","112155504","112155504"
"758","chr5","112155793","112155793"
"759","chr5","112156080","112156080"
"760","chr5","112156082","112156082"
"761","chr5","112156083","112156083"
"762","chr5","112156085","112156085"
"763","chr5","112156097","112156097"
"764","chr5","112156099","112156099"
"765","chr5","112156100","112156100"
"766","chr5","112156701","112156701"
"767","chr5","112156863","112156863"
"768","chr5","112157117","112157117"
"769","chr5","112157983","112157983"
"770","chr5","112158212","112158212"
"771","chr5","112158431","112158431"
"772","chr5","112158480","112158480"
"773","chr5","112158494","112158494"
"774","chr5","112158578","112158578"
"775","chr5","112159360","112159360"
"776","chr5","112159385","112159385"
"777","chr5","112159470","112159470"
"778","chr5","112159545","112159545"
"779","chr5","112159562","112159562"
"780","chr5","112159855","112159855"
"781","chr5","112160274","112160274"
"782","chr5","112160445","112160445"
"783","chr5","112160447","112160447"
"784","chr5","112160462","112160462"
"785","chr5","112160463","112160463"
"786","chr5","112160571","112160571"
"787","chr5","112160936","112160936"
"788","chr5","112160945","112160945"
"789","chr5","112160957","112160957"
"790","chr5","112160958","112160958"
"791","chr5","112161297","112161297"
"792","chr5","112161469","112161469"
"793","chr5","112161870","112161870"
"794","chr5","112161871","112161871"
"795","chr5","112161874","112161874"
"796","chr5","112162299","112162299"
"797","chr5","112162371","112162371"
"798","chr5","112162383","112162383"
"799","chr5","112162413","112162413"
"800","chr5","112162662","112162662"
"801","chr5","112162854","112162854"
"802","chr5","112162911","112162911"
"803","chr5","112163237","112163237"
"804","chr5","112163238","112163238"
"805","chr5","112163242","112163242"
"806","chr5","112163838","112163838"
"807","chr5","112163993","112163993"
"808","chr5","112164238","112164238"
"809","chr5","112164561","112164561"
"810","chr5","112164862","112164862"
"811","chr5","112164968","112164968"
"812","chr5","112165013","112165013"
"813","chr5","112165016","112165016"
"814","chr5","112165018","112165018"
"815","chr5","112165108","112165108"
"816","chr5","112165111","112165111"
"817","chr5","112165114","112165114"
"818","chr5","112165196","112165196"
"819","chr5","112165357","112165357"
"820","chr5","112165359","112165359"
"821","chr5","112165375","112165375"
"822","chr5","112165641","112165641"
"823","chr5","112165642","112165642"
"824","chr5","112165722","112165722"
"825","chr5","112165731","112165731"
"826","chr5","112165989","112165989"
"827","chr5","112166046","112166046"
"828","chr5","112166047","112166047"
"829","chr5","112166204","112166204"
"830","chr5","112166208","112166208"
"831","chr5","112166213","112166213"
"832","chr5","112166292","112166292"
"833","chr5","112166404","112166404"
"834","chr5","112166406","112166406"
"835","chr5","112166479","112166479"
"836","chr5","112166567","112166567"
"837","chr5","112166569","112166569"
"838","chr5","112166824","112166824"
"839","chr5","112166825","112166825"
"840","chr5","112166826","112166826"
"841","chr5","112166827","112166827"
"842","chr5","112166828","112166828"
"843","chr5","112166862","112166862"
"844","chr5","112167043","112167043"
"845","chr5","112167068","112167068"
"846","chr5","112167071","112167071"
"847","chr5","112167130","112167130"
"848","chr5","112167587","112167587"
"849","chr5","112167821","112167821"
"850","chr5","112167921","112167921"
"851","chr5","112167941","112167941"
"852","chr5","112168065","112168065"
"853","chr5","112168130","112168130"
"854","chr5","112168376","112168376"
"855","chr5","112168379","112168379"
"856","chr5","112168466","112168466"
"857","chr5","112168497","112168497"
"858","chr5","112168498","112168498"
"859","chr5","112168499","112168499"
"860","chr5","112168727","112168727"
"861","chr5","112168776","112168776"
"862","chr5","112168780","112168780"
"863","chr5","112168809","112168809"
"864","chr5","112168819","112168819"
"865","chr5","112169159","112169159"
"866","chr5","112169386","112169386"
"867","chr5","112169525","112169525"
"868","chr5","112169624","112169624"
"869","chr5","112169668","112169668"
"870","chr5","112169890","112169890"
"871","chr5","112169909","112169909"
"872","chr5","112169917","112169917"
"873","chr5","112169923","112169923"
"874","chr5","112169926","112169926"
"875","chr5","112169958","112169958"
"876","chr5","112170071","112170071"
"877","chr5","112170074","112170074"
"878","chr5","112170079","112170079"
"879","chr5","112170082","112170082"
"880","chr5","112170084","112170084"
"881","chr5","112170162","112170162"
"882","chr5","112170163","112170163"
"883","chr5","112170221","112170221"
"884","chr5","112170285","112170285"
"885","chr5","112170358","112170358"
"886","chr5","112170435","112170435"
"887","chr5","112170436","112170436"
"888","chr5","112170812","112170812"
"889","chr5","112170816","112170816"
"890","chr5","112170831","112170831"
"891","chr5","112170870","112170870"
"892","chr5","112171097","112171097"
"893","chr5","112171240","112171240"
"894","chr5","112171250","112171250"
"895","chr5","112171254","112171254"
"896","chr5","112171259","112171259"
"897","chr5","112171285","112171285"
"898","chr5","112171494","112171494"
"899","chr5","112171499","112171499"
"900","chr5","112171551","112171551"
"901","chr5","112171554","112171554"
"902","chr5","112171557","112171557"
"903","chr5","112171569","112171569"
"904","chr5","112171591","112171591"
"905","chr5","112171592","112171592"
"906","chr5","112171594","112171594"
"907","chr5","112171688","112171688"
"908","chr5","112171691","112171691"
"909","chr5","112171722","112171722"
"910","chr5","112171723","112171723"
"911","chr5","112171874","112171874"
"912","chr5","112171875","112171875"
"913","chr5","112171877","112171877"
"914","chr5","112171995","112171995"
"915","chr5","112172219","112172219"
"916","chr5","112172360","112172360"
"917","chr5","112172412","112172412"
"918","chr5","112172413","112172413"
"919","chr5","112172484","112172484"
"920","chr5","112172679","112172679"
"921","chr5","112172786","112172786"
"922","chr5","112172930","112172930"
"923","chr5","112173105","112173105"
"924","chr5","112173106","112173106"
"925","chr5","112173111","112173111"
"926","chr5","112173112","112173112"
"927","chr5","112173676","112173676"
"928","chr5","112173677","112173677"
"929","chr5","112173695","112173695"
"930","chr5","112173800","112173800"
"931","chr5","112173801","112173801"
"932","chr5","112173802","112173802"
"933","chr5","112174138","112174138"
"934","chr5","112174211","112174211"
"935","chr5","112174286","112174286"
"936","chr5","112174770","112174770"
"937","chr5","112175021","112175021"
"938","chr5","112175057","112175057"
"939","chr5","112175528","112175528"
"940","chr5","112175576","112175576"
"941","chr5","112175627","112175627"
"942","chr5","112175651","112175651"
"943","chr5","112175711","112175711"
"944","chr5","112175770","112175770"
"945","chr5","112176023","112176023"
"946","chr5","112176325","112176325"
"947","chr5","112176559","112176559"
"948","chr5","112176665","112176665"
"949","chr5","112176667","112176667"
"950","chr5","112176756","112176756"
"951","chr5","112176806","112176806"
"952","chr5","112176812","112176812"
"953","chr5","112177171","112177171"
"954","chr5","112178276","112178276"
"955","chr5","112178340","112178340"
"956","chr5","112178341","112178341"
"957","chr5","112178804","112178804"
"958","chr5","112179008","112179008"
"959","chr5","112179069","112179069"
"960","chr5","112179264","112179264"
"961","chr5","112179421","112179421"
"962","chr5","112179425","112179425"
"963","chr5","112179428","112179428"
"964","chr5","112179557","112179557"
"965","chr5","112179674","112179674"
"966","chr5","112179909","112179909"
"967","chr5","112179957","112179957"
"968","chr5","112179958","112179958"
"969","chr5","112179960","112179960"
"970","chr5","112180228","112180228"
"971","chr5","112180257","112180257"
"972","chr5","112180290","112180290"
"973","chr5","112180457","112180457"
"974","chr5","112180628","112180628"
"975","chr5","112180921","112180921"
"976","chr5","112181283","112181283"
"977","chr5","112181358","112181358"
"978","chr5","112181379","112181379"
"979","chr5","112181576","112181576"
"980","chr5","112181913","112181913"
"981","chr5","112182115","112182115"
"982","chr5","112182116","112182116"
"983","chr5","112182117","112182117"
"984","chr5","112182119","112182119"
"985","chr5","112182232","112182232"
"986","chr5","112182365","112182365"
"987","chr5","112182366","112182366"
"988","chr5","112182369","112182369"
"989","chr5","112182379","112182379"
"990","chr5","112182413","112182413"
"991","chr5","112182476","112182476"
"992","chr5","112182691","112182691"
"993","chr5","112183099","112183099"
"994","chr5","112183157","112183157"
"995","chr5","112183493","112183493"
"996","chr5","112183504","112183504"
"997","chr5","112183511","112183511"
"998","chr5","112184147","112184147"
"999","chr5","112184256","112184256"
"1000","chr5","112184320","112184320"
"1001","chr5","112184344","112184344"
"1002","chr5","112184412","112184412"
"1003","chr5","112184413","112184413"
"1004","chr5","112184490","112184490"
"1005","chr5","112184611","112184611"
"1006","chr5","112184783","112184783"
"1007","chr5","112184786","112184786"
"1008","chr5","112184789","112184789"
"1009","chr5","112184830","112184830"
"1010","chr5","112184860","112184860"
"1011","chr5","112184962","112184962"
"1012","chr5","112184999","112184999"
"1013","chr5","112185001","112185001"
"1014","chr5","112185071","112185071"
"1015","chr5","112185072","112185072"
"1016","chr5","112185073","112185073"
"1017","chr5","112185074","112185074"
"1018","chr5","112185094","112185094"
"1019","chr5","112185095","112185095"
"1020","chr5","112185393","112185393"
"1021","chr5","112185404","112185404"
"1022","chr5","112185419","112185419"
"1023","chr5","112185426","112185426"
"1024","chr5","112185451","112185451"
"1025","chr5","112185491","112185491"
"1026","chr5","112185513","112185513"
"1027","chr5","112185592","112185592"
"1028","chr5","112186064","112186064"
"1029","chr5","112186320","112186320"
"1030","chr5","112186321","112186321"
"1031","chr5","112186513","112186513"
"1032","chr5","112186515","112186515"
"1033","chr5","112186516","112186516"
"1034","chr5","112186517","112186517"
"1035","chr5","112186518","112186518"
"1036","chr5","112186519","112186519"
"1037","chr5","112186520","112186520"
"1038","chr5","112186521","112186521"
"1039","chr5","112186523","112186523"
"1040","chr5","112186524","112186524"
"1041","chr5","112186525","112186525"
"1042","chr5","112186526","112186526"
"1043","chr5","112186527","112186527"
"1044","chr5","112186528","112186528"
"1045","chr5","112186529","112186529"
"1046","chr5","112186530","112186530"
"1047","chr5","112186532","112186532"
"1048","chr5","112186533","112186533"
"1049","chr5","112186534","112186534"
"1050","chr5","112186772","112186772"
"1051","chr5","112186773","112186773"
"1052","chr5","112186774","112186774"
"1053","chr5","112186776","112186776"
"1054","chr5","112186777","112186777"
"1055","chr5","112186778","112186778"
"1056","chr5","112186779","112186779"
"1057","chr5","112186780","112186780"
"1058","chr5","112186782","112186782"
"1059","chr5","112186783","112186783"
"1060","chr5","112186784","112186784"
"1061","chr5","112186786","112186786"
"1062","chr5","112186787","112186787"
"1063","chr5","112186789","112186789"
"1064","chr5","112186790","112186790"
"1065","chr5","112186791","112186791"
"1066","chr5","112186793","112186793"
"1067","chr5","112186794","112186794"
"1068","chr5","112186795","112186795"
"1069","chr5","112186796","112186796"
"1070","chr5","112186797","112186797"
"1071","chr5","112186798","112186798"
"1072","chr5","112186799","112186799"
"1073","chr5","112186800","112186800"
"1074","chr7","6026514","6026514"
"1075","chr7","6031649","6031649"
"1076","chr7","6038824","6038824"
"1077","chr7","6045549","6045549"
"1078","chr7","91630620","91630620"
"1079","chr9","101569983","101569983"
"1080","chr9","101608272","101608272"
"1081","chr9","120475302","120475302"
"1082","chr11","65481267","65481267"
"1083","chr11","69462910","69462910"
"1084","chr12","133250250","133250250"
"1085","chr14","75483796","75483796"
"1086","chr14","75485594","75485594"
"1087","chr14","75498772","75498772"
"1088","chr14","75513418","75513418"
"1089","chr14","75513910","75513910"
"1090","chr14","75514138","75514138"
"1091","chr14","75514489","75514489"
"1092","chr14","75514863","75514863"
"1093","chr14","75516289","75516289"
"1094","chr17","7576872","7576872"
"1095","chr17","7578283","7578283"
"1096","chr17","41215948","41215948"
"1097","chr17","63532590","63532590"
"1098","chr17","63532613","63532613"
"1099","chr19","50906319","50906319"
"1100","chr19","50909713","50909713"
"1101","chr19","59059798","59059798"
"1102","chr22","29121087","29121087"
"1103","chrMT","6264","6264"
"1104","chrMT","6277","6277"
"1105","chrMT","7275","7275"
"1106","chrMT","8009","8009"
"1107","chrMT","10563","10563"
"1108","chrMT","14985","14985"
"1109","chrMT","15572","15572"
